stroke_type,effect,0,1,2,3,4,5,6
LVO IVT,t0,0.11622092,0.09051261999999999,0.1328374,0.16403797999999997,0.2230195,0.11839158000000001,0.15497999999999998
LVO IVT,no_effect,0.05,0.079,0.136,0.164,0.247,0.135,0.189
LVO MT,t0,0.3259205,0.12696925,0.1228225,0.16415825,0.14708125,0.06579825,0.04725
LVO MT,no_effect,0.05,0.079,0.136,0.164,0.247,0.135,0.189
nLVO IVT,t0,0.4270610438937808,0.2029389561062192,0.11210236288506337,0.11395646380826832,0.08453338696117127,0.028034325202444896,0.0313734611430522
nLVO IVT,no_effect,0.19755470145399823,0.2624452985460018,0.12486110876278517,0.1312386170707781,0.14722034303771947,0.0590966744206467,0.07758325670807076
